City_ID,City,Lat,Lng,Max Temp,Humidity,Cloudiness,Wind Speed,Country,Date
0,wailua homesteads,22.0669,-159.378,20.44,90,100,2.06,US,1706631681
1,leongatha,-38.4833,145.95,9.92,95,11,0.4,AU,1706631681
2,longyearbyen,78.2186,15.6401,-4.09,68,75,6.17,SJ,1706631681
3,bilibino,68.0546,166.4372,-33.17,99,100,1.07,RU,1706631682
4,bethel,41.3712,-73.414,2.33,68,100,0.0,US,1706631682
5,isafjordur,66.0755,-23.124,-2.98,93,75,2.57,IS,1706631682
6,papatowai,-46.5619,169.4708,10.27,92,17,4.11,NZ,1706631682
7,blackmans bay,-43.0167,147.3167,15.07,76,37,2.68,AU,1706631557
8,castillos,-34.1667,-53.8333,27.28,39,81,4.16,UY,1706631683
9,labytnangi,66.6572,66.4183,-14.89,96,100,3.76,RU,1706631684
10,saint-pierre,-21.3393,55.4781,26.82,89,100,1.54,RE,1706631684
11,adamstown,-25.066,-130.1015,23.12,90,100,8.7,PN,1706631684
12,hermanus,-34.4187,19.2345,26.56,69,44,6.16,ZA,1706631685
13,port-aux-francais,-49.35,70.2167,3.86,69,78,14.72,TF,1706631685
14,masterton,-40.9597,175.6575,15.06,84,100,3.06,NZ,1706631685
15,mugia,43.1041,-9.2179,18.84,72,100,3.55,ES,1706631685
16,puerto ayora,-0.7393,-90.3518,29.98,77,87,4.58,EC,1706631686
17,waitangi,-43.9535,-176.5597,17.12,98,100,2.24,NZ,1706631686
18,revda,56.801,59.9303,-7.61,90,100,4.55,RU,1706631687
19,siwa oasis,29.2041,25.5195,13.38,42,12,3.39,EG,1706631687
20,klyuchi,52.2667,79.1667,-16.86,95,35,3.07,RU,1706631688
21,sorong,-0.8833,131.25,26.83,84,49,1.24,ID,1706631688
22,malyye derbety,47.9547,44.6808,-1.41,87,100,7.98,RU,1706631688
23,vilyuchinsk,52.9306,158.4028,-13.85,79,94,3.69,RU,1706631689
24,rongelap,11.1635,166.8941,25.91,79,100,9.2,MH,1706631689
25,longgang,37.6508,120.3286,2.11,92,80,3.86,CN,1706631690
26,yuzhno-kurilsk,44.0306,145.8556,-2.01,71,79,6.48,RU,1706631690
27,kapuskasing,49.4169,-82.4331,0.05,93,100,4.12,CA,1706631690
28,lepsy,46.235,78.9456,-5.77,96,100,0.8,KZ,1706631690
29,saint-philippe,-21.3585,55.7679,26.77,86,72,4.9,RE,1706631691
30,avarua,-21.2078,-159.775,23.03,100,97,0.51,CK,1706631691
31,puerto natales,-51.7236,-72.4875,14.25,72,100,2.57,CL,1706631691
32,carnarvon,-24.8667,113.6333,25.86,70,14,7.4,AU,1706631692
33,kuanda,56.3161,116.0806,-32.86,95,98,0.2,RU,1706631692
34,brisas de zicatela,15.8369,-97.0419,27.29,83,0,2.06,MX,1706631693
35,talnakh,69.4865,88.3972,-17.11,81,99,4.91,RU,1706631693
36,port elizabeth,-33.918,25.5701,25.61,72,0,2.57,ZA,1706631693
37,ekero,0.3253,34.5044,24.45,53,100,0.92,KE,1706631693
38,tapiramuta,-11.8472,-40.7914,28.92,43,8,2.47,BR,1706631693
39,flying fish cove,-10.4217,105.6791,24.82,100,75,2.57,CX,1706631693
40,abu jibeha,11.4562,31.2285,27.42,13,95,4.67,SD,1706631694
41,stanley,54.868,-1.6985,5.77,81,20,5.14,GB,1706631619
42,aasiaat,68.7098,-52.8699,-32.19,99,94,3.82,GL,1706631694
43,olovyannaya,50.95,115.5667,-33.61,99,51,0.43,RU,1706631694
44,hampton bays,40.869,-72.5176,3.25,75,100,4.92,US,1706631689
45,yellowknife,62.456,-114.3525,-5.33,95,100,6.17,CA,1706631413
46,todos santos,23.45,-110.2167,27.95,55,96,5.88,MX,1706631695
47,sinabang,2.4803,96.3801,27.19,81,97,2.6,ID,1706631642
48,varena,54.2167,24.5667,1.21,82,100,2.99,LT,1706631695
49,west island,-12.1568,96.8225,27.99,69,13,2.57,CC,1706631695
50,idri,27.5,13.2667,15.73,27,17,3.79,LY,1706631696
51,codrington,-38.2667,141.9667,13.43,82,11,3.41,AU,1706631696
52,grytviken,-54.2811,-36.5092,6.08,71,36,6.38,GS,1706631696
53,brookings,44.3114,-96.7984,-0.31,94,10,2.33,US,1706631550
54,pangkalanbuun,-2.6833,111.6167,24.6,93,99,0.88,ID,1706631696
55,nchelenge,-9.3451,28.734,23.33,83,46,4.53,ZM,1706631696
56,san ignacio de velasco,-16.3667,-60.95,34.59,39,53,3.07,BO,1706631697
57,ilulissat,69.2167,-51.1,-23.99,58,40,8.75,GL,1706631697
58,thompson,55.7435,-97.8558,-0.91,93,40,4.63,CA,1706631697
59,ribeira grande,38.5167,-28.7,19.32,77,20,4.12,PT,1706631697
60,ushuaia,-54.8,-68.3,13.79,96,100,3.35,AR,1706631698
61,udachny,66.4167,112.4,-29.83,100,84,0.98,RU,1706631698
62,whitehorse,60.7161,-135.0538,2.43,75,75,6.17,CA,1706631604
63,cedar falls,42.5278,-92.4455,2.97,88,100,5.81,US,1706631698
64,san patricio,28.017,-97.5169,18.28,60,100,0.95,US,1706631698
65,fort st. john,56.2499,-120.8529,6.94,53,20,13.89,CA,1706631698
66,lihue,21.9789,-159.3672,20.77,89,100,2.06,US,1706631699
67,invercargill,-46.4,168.35,8.9,93,34,1.46,NZ,1706631699
68,juneau,58.3019,-134.4197,6.0,95,100,3.6,US,1706631514
69,sibirskiy,53.5777,83.7577,-13.56,100,84,1.5,RU,1706631699
70,san cristobal,7.7669,-72.225,25.1,29,26,2.37,VE,1706631699
71,punta arenas,-53.15,-70.9167,15.01,82,75,6.17,CL,1706631560
72,puerto deseado,-47.7503,-65.8938,21.37,41,64,9.06,AR,1706631699
73,santiago del estero,-27.7951,-64.2615,38.43,20,0,3.73,AR,1706631700
74,kerikeri,-35.2268,173.9474,17.17,88,11,2.86,NZ,1706631700
75,pacific grove,36.6177,-121.9166,12.27,79,0,2.06,US,1706631578
76,bredasdorp,-34.5322,20.0403,23.58,62,22,7.91,ZA,1706631700
77,pisco,-13.7,-76.2167,26.12,78,0,4.12,PE,1706631700
78,narrabri,-30.3167,149.7833,23.62,94,25,3.01,AU,1706631700
79,wotje,9.4543,170.2367,26.62,79,100,10.15,MH,1706631701
80,haqqulobod,40.9167,72.1167,4.29,71,100,1.45,UZ,1706631701
81,borkum,53.5809,6.6915,8.3,93,100,10.74,DE,1706631701
82,sao jose da coroa grande,-8.8978,-35.1478,29.72,59,29,4.78,BR,1706631701
83,enewetak,11.3474,162.3373,26.36,71,81,9.32,MH,1706631411
84,lerwick,60.1545,-1.1494,7.0,83,50,11.74,GB,1706631613
85,utrik,11.2278,169.8474,25.94,78,100,9.24,MH,1706631702
86,newman,37.3138,-121.0208,11.27,79,98,1.36,US,1706631586
87,olonkinbyen,70.9221,-8.7187,-4.48,82,99,8.43,SJ,1706631556
88,preobrazheniye,42.9019,133.9064,-4.62,70,96,2.87,RU,1706631702
89,glace bay,46.1969,-59.957,-4.5,66,40,8.75,CA,1706631702
90,jamestown,42.097,-79.2353,2.77,91,100,6.69,US,1706631702
91,qaqortoq,60.7167,-46.0333,-21.11,75,0,2.33,GL,1706631703
92,remire-montjoly,4.9167,-52.2667,29.02,79,75,5.66,GF,1706631545
93,taoudenni,22.6783,-3.9836,28.4,7,0,4.16,ML,1706631703
94,albany,42.6001,-73.9662,0.02,85,88,0.45,US,1706631703
95,krasnokholm,51.5979,54.1567,-4.19,97,100,3.38,RU,1706631703
96,sitka,57.0531,-135.33,4.94,81,100,5.66,US,1706631703
97,bikaner,28.0167,73.3,18.46,33,100,1.14,IN,1706631704
98,shenkursk,62.1091,42.896,-0.6,85,18,3.92,RU,1706631615
99,ixtapa,20.7,-105.2,24.57,83,75,1.54,MX,1706631704
100,freetown,8.484,-13.2299,30.84,48,73,5.14,SL,1706631704
101,tolanaro,-25.0319,46.9987,24.33,74,88,4.79,MG,1706631557
102,iqaluit,63.7506,-68.5145,-19.06,70,75,4.12,CA,1706631561
103,anadyr,64.75,177.4833,-29.72,76,75,2.0,RU,1706631704
104,fuerte olimpo,-21.0415,-57.8738,37.4,32,64,0.1,PY,1706631705
105,rio grande,-32.035,-52.0986,28.06,56,0,5.52,BR,1706631705
106,ploneour-lanvern,47.9,-4.2833,10.16,71,0,2.06,FR,1706631705
107,najaf,31.9985,44.3398,14.88,38,75,0.0,IQ,1706631675
108,hamilton,39.1834,-84.5333,2.1,88,100,4.63,US,1706631678
109,mount isa,-20.7333,139.5,24.87,94,75,4.12,AU,1706631705
110,lapai,9.05,6.5667,38.56,11,57,0.48,NG,1706631706
111,sumbawanga,-7.9667,31.6167,16.45,94,97,1.65,TZ,1706631706
112,cidreira,-30.1811,-50.2056,26.19,64,16,5.39,BR,1706631706
113,la'ie,21.6477,-157.9253,22.98,96,7,3.12,US,1706631570
114,east london,-33.0153,27.9116,24.52,78,100,5.66,ZA,1706631706
115,obo,5.3998,26.4869,30.7,22,100,1.96,CF,1706631706
116,sumbe,-11.2061,13.8437,28.72,75,45,3.28,AO,1706631706
117,nemuro,43.3236,145.575,-1.46,65,85,7.55,JP,1706631707
118,calama,-22.4667,-68.9333,25.27,25,0,8.75,CL,1706631707
119,hawaiian paradise park,19.5933,-154.9731,20.73,77,0,2.06,US,1706631707
120,la sarre,48.8002,-79.1996,-1.5,93,100,4.2,CA,1706631587
121,sao tome,0.3365,6.7273,28.02,83,75,2.06,ST,1706631707
122,edinburgh of the seven seas,-37.0676,-12.3116,14.88,61,31,7.45,SH,1706631707
123,ancud,-41.8697,-73.8203,16.93,62,0,3.52,CL,1706631629
124,weno,7.4515,151.8468,26.97,78,100,3.6,FM,1706631708
125,yangshuo,24.7808,110.4897,13.52,96,93,0.65,CN,1706631708
126,hadibu,12.65,54.0333,25.35,74,82,4.37,YE,1706631708
127,orda,57.1951,56.9091,-5.77,94,100,5.9,RU,1706631708
128,nar'yan-mar,67.6713,53.087,-2.72,93,99,6.71,RU,1706631708
129,holualoa,19.6228,-155.9522,21.91,82,100,3.6,US,1706631585
130,qamdo,31.1667,97.2333,-8.73,40,36,2.89,CN,1706631709
131,port lincoln,-34.7333,135.8667,16.0,75,3,6.07,AU,1706631709
132,kyren,51.6828,102.1408,-23.36,87,21,0.45,RU,1706631709
133,uturoa,-16.7333,-151.4333,28.29,75,99,2.73,PF,1706631709
134,marica,-22.9194,-42.8186,36.38,71,5,3.75,BR,1706631709
135,fale old settlement,-9.3852,-171.2468,29.33,74,75,3.23,TK,1706631430
136,tlahualilo de zaragoza,26.1167,-103.45,16.34,38,76,0.82,MX,1706631709
137,titusville,28.6122,-80.8075,19.06,54,40,3.09,US,1706631709
138,geraldton,-28.7667,114.6,23.23,68,2,4.63,AU,1706631710
139,znojmo,48.8555,16.0488,3.89,80,31,3.24,CZ,1706631710
140,martapura,-3.4167,114.85,26.05,100,100,0.51,ID,1706631710
141,kodiak,57.79,-152.4072,-16.27,60,0,1.54,US,1706631419
142,las lomitas,-24.7096,-60.593,41.41,17,0,1.81,AR,1706631710
143,glendora,34.1361,-117.8653,20.18,48,0,0.0,US,1706631427
144,abeche,13.8292,20.8324,29.59,10,0,3.28,TD,1706631711
145,touros,-5.1989,-35.4608,31.18,60,15,6.98,BR,1706631711
146,bardai,11.65,7.2333,30.13,13,8,5.52,NG,1706631711
147,port shepstone,-30.7414,30.455,25.6,82,47,2.98,ZA,1706631711
148,margaret river,-33.95,115.0667,15.72,87,0,4.73,AU,1706631711
149,isiro,2.7739,27.616,28.63,33,86,1.17,CD,1706631711
150,fedorovka,53.6314,62.7078,-16.57,97,22,3.38,KZ,1706631711
151,kukes,42.0769,20.4219,2.35,69,1,2.57,AL,1706631712
152,midvagur,62.0511,-7.1939,7.46,87,100,5.14,FO,1706631712
153,north bend,43.4065,-124.2243,12.7,100,100,3.6,US,1706631712
154,cabo san lucas,22.8909,-109.9124,28.17,41,40,9.77,MX,1706631224
155,esmeraldas,-19.7625,-44.3139,30.58,54,20,2.4,BR,1706631712
156,san andres,12.5847,-81.7006,30.01,58,20,5.14,CO,1706631712
157,palu,-0.8917,119.8707,24.93,96,91,0.67,ID,1706631712
158,camocim,-2.9022,-40.8411,33.02,52,10,6.85,BR,1706631490
159,sao vicente,-23.9631,-46.3919,36.1,49,20,3.09,BR,1706631713
160,fortuna,40.5982,-124.1573,15.51,51,100,4.63,US,1706631713
161,virginia,37.5481,-77.4467,8.56,63,75,3.09,US,1706631713
162,vila velha,-20.3297,-40.2925,31.97,80,40,3.09,BR,1706631713
163,westport,41.1415,-73.3579,2.93,62,100,2.06,US,1706631713
164,enshi,30.3,109.4833,8.07,89,100,0.13,CN,1706631713
165,badger,64.8,-147.5333,-28.07,72,75,0.0,US,1706631713
166,lospalos,-8.5186,127.0025,23.58,90,100,0.82,TL,1706631460
167,tsiombe,-25.3,45.4833,23.52,73,14,7.25,MG,1706631714
168,kailua-kona,19.6406,-155.9956,23.98,82,100,3.6,US,1706631714
169,santana,-0.0583,-51.1817,30.1,70,40,2.06,BR,1706631714
170,inga,-7.2808,-35.6044,33.25,33,0,5.42,BR,1706631714
171,happy valley-goose bay,53.3168,-60.3315,-18.83,50,20,9.26,CA,1706631714
172,guerrero negro,27.9769,-114.0611,18.53,53,2,1.27,MX,1706631714
173,puerto armuelles,8.2833,-82.8667,32.99,66,62,1.34,PA,1706631714
174,ghat,24.9647,10.1728,17.56,25,0,5.28,LY,1706631714
175,lovington,32.944,-103.3485,13.43,42,50,0.45,US,1706631715
176,afaahiti,-17.75,-149.2833,26.93,80,95,1.28,PF,1706631715
177,vila franca do campo,37.7167,-25.4333,18.27,99,25,2.86,PT,1706631715
178,suva,-18.1416,178.4415,24.71,100,75,0.0,FJ,1706631585
179,kourou,5.1552,-52.6478,29.03,69,87,4.74,GF,1706631633
180,mae tha,18.4646,99.1403,22.33,94,1,1.16,TH,1706631715
181,aginskoye,51.1,114.53,-27.5,93,35,2.24,RU,1706631715
182,hauterive,46.0901,3.4459,15.42,73,73,0.93,FR,1706631715
183,nova sintra,14.8667,-24.7167,21.3,63,18,7.6,CV,1706631594
184,magadan,59.5667,150.8,-25.89,85,25,3.06,RU,1706631608
185,port alfred,-33.5906,26.891,21.77,86,100,1.34,ZA,1706631716
186,igarka,67.4667,86.5833,-21.72,85,94,7.43,RU,1706631716
187,kingston,17.997,-76.7936,29.53,66,20,3.13,JM,1706631360
188,fada n'gourma,12.0622,0.3578,34.0,9,31,4.67,BF,1706631716
189,ixtlan del rio,21.0333,-104.3667,24.78,25,100,1.28,MX,1706631716
190,temuco,-38.7333,-72.6,25.87,26,0,2.68,CL,1706631435
191,tura,25.5198,90.2201,14.58,43,0,1.4,IN,1706631558
192,val-d'or,48.1002,-77.7828,-3.95,86,100,6.69,CA,1706631440
193,ust-nera,64.5667,143.2,-35.17,100,99,0.43,RU,1706631717
194,amos,48.5669,-78.1162,-2.82,94,100,3.78,CA,1706631717
195,pizarro,4.9533,-77.366,27.54,74,94,2.04,CO,1706631717
196,port mathurin,-19.6833,63.4167,27.71,79,100,8.98,MU,1706631476
197,waingapu,-9.6567,120.2641,25.9,82,68,2.02,ID,1706631717
198,figuig (centre),32.1089,-1.2286,16.9,26,100,2.33,MA,1706631717
199,portales,34.1862,-103.3344,11.85,36,38,2.01,US,1706631717
200,mata-utu,-13.2816,-176.1745,29.01,81,100,7.79,WF,1706631717
201,manacapuru,-3.2997,-60.6206,33.2,52,70,1.84,BR,1706631717
202,tobelo,1.7284,128.0095,26.34,85,31,1.89,ID,1706631584
203,liaocheng,36.4439,115.9647,2.98,85,3,1.28,CN,1706631718
204,huayucachi,-12.1333,-75.2333,17.53,59,92,1.1,PE,1706631718
205,beyneu,45.3167,55.2,-3.6,61,92,5.49,KZ,1706631718
206,saldanha,-33.0117,17.9442,20.38,78,100,6.3,ZA,1706631718
207,kumru,40.8744,37.2639,1.16,94,99,1.5,TR,1706631718
208,lycksele,64.5954,18.6735,-1.98,80,0,1.54,SE,1706631718
209,lebu,-37.6167,-73.65,18.44,62,0,6.17,CL,1706631718
210,upata,8.0086,-62.3989,33.21,40,94,3.33,VE,1706631718
211,coquimbo,-29.9533,-71.3436,17.85,88,100,3.09,CL,1706631459
212,new norfolk,-42.7826,147.0587,15.72,88,50,1.62,AU,1706631458
213,dudinka,69.4058,86.1778,-16.88,89,99,10.06,RU,1706631594
214,mendota,36.7536,-120.3816,12.93,81,100,0.71,US,1706631719
215,gospic,44.5461,15.3747,7.83,64,15,1.21,HR,1706631719
216,iskateley,67.6803,53.1512,-2.77,93,99,6.71,RU,1706631719
217,ilha de mocambique,-15.0342,40.7358,27.44,76,38,4.2,MZ,1706631719
218,fisterra,42.9049,-9.2629,18.75,73,100,4.3,ES,1706631719
219,wellington,-41.2866,174.7756,16.15,91,75,9.77,NZ,1706631601
220,keflavik,64.0049,-22.5624,-1.05,86,75,11.32,IS,1706631720
221,jijiga,9.35,42.8,22.29,54,59,7.12,ET,1706631720
222,bhudgaon,16.9,74.6,23.1,46,34,3.65,IN,1706631720
223,okhotsk,59.3833,143.3,-21.06,82,100,3.74,RU,1706631720
224,tranqueras,-31.2,-55.75,31.5,41,9,1.94,UY,1706631720
225,tinajo,29.0788,-13.7081,20.49,68,0,3.6,ES,1706631720
226,inhambane,-23.865,35.3833,27.99,74,40,5.14,MZ,1706631720
227,ikryanoye,46.0932,47.7308,-6.01,89,99,5.89,RU,1706631720
228,cururupu,-1.8283,-44.8683,32.45,52,74,3.37,BR,1706631721
229,jabat,7.75,168.9751,25.95,88,100,10.52,MH,1706631721
230,sal rei,16.1833,-22.9167,27.11,44,4,9.77,CV,1706631721
231,howard springs,-12.497,131.047,25.95,95,100,1.78,AU,1706631721
232,saacow,1.6279,42.4407,35.27,31,93,7.57,SO,1706631722
233,general villegas,-35.0328,-63.0125,37.81,17,1,4.82,AR,1706631722
234,ejura,7.3856,-1.3562,37.82,11,2,1.42,GH,1706631722
235,mejit,10.2753,170.8646,26.33,79,100,10.04,MH,1706631722
236,kencong,-8.2833,113.3667,25.39,90,100,1.52,ID,1706631722
237,bolvadin,38.7111,31.0486,-0.5,67,100,5.15,TR,1706631723
238,lorengau,-2.0226,147.2712,27.72,83,85,4.31,PG,1706631572
239,chonchi,-42.6128,-73.8092,21.56,44,1,1.12,CL,1706631723
240,easton,40.6884,-75.2207,2.19,69,100,2.06,US,1706631359
241,juarez,31.7333,-106.4833,13.49,43,100,5.66,MX,1706631649
242,bovalino,38.149,16.174,12.97,62,33,5.28,IT,1706631724
243,new glasgow,45.5834,-62.6486,-4.56,73,99,6.88,CA,1706631557
244,vorgashor,67.5833,63.95,-13.78,95,100,6.01,RU,1706631724
245,kenora,49.8167,-94.4337,-0.46,93,100,2.57,CA,1706631487
246,sinjar,36.3209,41.8754,8.48,61,100,2.11,IQ,1706631724
247,norfolk,42.1668,-71.2495,-0.92,85,100,4.63,US,1706631724
248,bamboo flat,11.7,92.7167,27.05,78,20,1.03,IN,1706631725
249,xiangyang,32.0422,112.1448,6.93,79,24,0.64,CN,1706631725
250,humaita,-7.5061,-63.0208,34.56,47,76,1.94,BR,1706631725
251,susuman,62.7833,148.1667,-35.11,100,99,0.3,RU,1706631726
252,tiksi,71.6872,128.8694,-28.74,99,61,2.23,RU,1706631726
253,san carlos,9.6612,-68.5827,32.17,40,88,1.83,VE,1706631214
254,tonota,-21.4833,27.4833,31.41,31,80,6.85,BW,1706631726
255,miquelon,47.0975,-56.3814,-8.0,70,94,12.57,PM,1706631726
256,saudarkrokur,65.7461,-19.6394,-3.14,82,100,3.18,IS,1706631727
257,cockburn town,21.4612,-71.1419,23.73,61,74,6.92,TC,1706631727
258,boa vista,2.8197,-60.6733,32.99,52,75,6.17,BR,1706631727
259,tralee,52.2704,-9.7026,8.14,71,75,4.12,IE,1706631728
260,nelson bay,-32.7167,152.15,23.38,94,0,4.02,AU,1706631728
261,hilo,19.7297,-155.09,24.6,74,0,2.06,US,1706631728
262,rawson,-43.3002,-65.1023,28.32,38,24,5.69,AR,1706631645
263,n'zeto,-7.2312,12.8666,28.85,76,94,5.07,AO,1706631728
264,selfoss,63.9331,-20.9971,-1.64,75,100,11.67,IS,1706631470
265,shingu,33.7333,135.9833,7.76,67,71,1.91,JP,1706631728
266,chul'man,56.8479,124.9104,-33.12,100,100,1.42,RU,1706631729
267,naze,28.3667,129.4833,17.51,84,100,7.99,JP,1706631729
268,hawkesbury,45.6001,-74.616,-6.84,83,81,4.16,CA,1706631729
269,soma,39.1855,27.6094,3.52,76,91,9.2,TR,1706631729
270,elizabeth city,36.2946,-76.2511,8.36,69,40,4.63,US,1706631455
271,lazaro cardenas,17.9583,-102.2,26.46,70,100,1.62,MX,1706631729
272,yichun,47.7,128.9,-21.84,95,100,0.51,CN,1706631730
273,tidjikja,18.5564,-11.4271,28.29,6,0,7.13,MR,1706631730
274,puerto baquerizo moreno,-0.9,-89.6,28.55,84,75,4.63,EC,1706631730
275,aksu,41.1231,80.2644,-2.89,58,93,1.21,CN,1706631730
276,impfondo,1.6381,18.0667,38.21,17,99,1.73,CG,1706631730
277,dom pedrito,-30.9828,-54.6731,30.16,46,37,2.22,BR,1706631731
278,toliara,-23.35,43.6667,26.98,77,22,3.77,MG,1706631579
279,petropavlovsk-kamchatsky,53.0452,158.6483,-14.67,94,75,2.68,RU,1706631605
280,la passe,45.5549,-0.8967,17.13,77,31,0.59,FR,1706631731
281,kokopo,-4.352,152.2633,25.57,81,100,2.94,PG,1706631731
282,noyabrsk,63.1994,75.4507,-21.16,98,78,6.54,RU,1706631732
283,brush,40.2589,-103.6238,7.49,93,0,3.6,US,1706631524
284,haiku-pauwela,20.9219,-156.3051,22.32,88,20,2.68,US,1706631563
285,santa ana,33.7456,-117.8678,19.47,58,0,1.54,US,1706631370
286,lompoc,34.6391,-120.4579,12.55,91,0,3.09,US,1706631548
287,palmer,42.1584,-72.3287,1.58,70,100,0.45,US,1706631732
288,port said,31.2565,32.2841,13.92,60,96,10.88,EG,1706631733
289,iwon-up,40.3231,128.6553,-1.43,81,100,1.82,KP,1706631733
290,shenjiamen,29.9576,122.298,10.66,95,96,1.33,CN,1706631733
291,taroa,8.7058,171.2275,26.58,85,100,10.38,MH,1706631733
292,dera bugti,29.0307,69.151,15.69,34,97,1.8,PK,1706631734
293,tamanrasset,22.785,5.5228,21.95,10,0,3.09,DZ,1706631734
294,lossiemouth,57.7214,-3.2834,6.92,68,40,7.72,GB,1706631734
295,muhos,64.808,25.9931,1.54,85,40,4.65,FI,1706631734
296,hammerfest,70.6634,23.6821,0.25,100,75,6.17,NO,1706631735
297,qui nhon,13.7667,109.2333,21.56,90,95,2.32,VN,1706631563
298,nagamangala,12.8156,76.7575,23.38,31,92,2.46,IN,1706631735
299,ma'an,26.9775,110.7211,10.16,92,98,0.57,CN,1706631735
300,arkhangel'sk,64.5401,40.5433,1.06,74,0,6.0,RU,1706631519
301,timberlake,37.3207,-79.2575,6.05,66,20,3.09,US,1706631736
302,kaseda-shirakame,31.4167,130.3167,12.39,85,100,3.44,JP,1706631736
303,along,28.1667,94.7667,10.63,86,63,1.12,IN,1706631736
304,mingshui,36.7167,117.5,3.44,80,7,1.83,CN,1706631737
305,louis trichardt,-23.0439,29.9032,28.03,40,22,4.6,ZA,1706631737
306,kinango,-4.1372,39.3153,27.06,78,97,3.26,KE,1706631737
307,kuala belait,4.5833,114.1833,25.09,89,63,5.23,BN,1706631738
308,taunggyi,20.7833,97.0333,9.72,42,8,1.38,MM,1706631738
309,sarmiento,-45.5882,-69.07,24.33,25,0,7.23,AR,1706631738
310,plettenberg bay,-34.0527,23.3716,20.9,82,100,4.03,ZA,1706631738
311,pedernales,18.0384,-71.744,27.22,64,7,3.38,DO,1706631738
312,mogadishu,2.0371,45.3438,26.83,80,86,10.85,SO,1706631739
313,el calafate,-50.3408,-72.2768,14.51,64,100,3.33,AR,1706631739
314,altamont,42.2068,-121.7372,10.43,67,0,4.63,US,1706631713
315,praia da vitoria,38.7333,-27.0667,19.31,77,40,5.93,PT,1706631740
316,callao,-12.0667,-77.15,27.16,69,0,6.17,PE,1706631740
317,colonia,50.9333,6.95,12.76,75,100,2.57,DE,1706631741
318,waspan,14.7419,-83.9717,22.19,91,100,2.91,NI,1706631741
319,al bawiti,28.3492,28.8659,11.37,38,3,4.22,EG,1706631741
320,tupiza,-21.45,-65.7167,19.98,42,40,2.16,BO,1706631741
321,kulhudhuffushi,6.6221,73.07,27.89,72,39,4.53,MV,1706631742
322,alice springs,-23.7,133.8833,31.75,21,9,4.63,AU,1706631742
323,mount pearl,47.5166,-52.7813,-5.38,82,100,10.29,CA,1706631742
324,manadhoo,5.7667,73.3833,27.8,72,44,4.98,MV,1706631742
325,harper,4.375,-7.7169,29.74,69,8,5.23,LR,1706631743
326,fort bragg,35.139,-79.006,9.55,55,0,2.57,US,1706631743
327,tazacorte,28.629,-17.9293,21.54,73,0,1.54,ES,1706631576
328,kuytun,54.3419,101.5036,-34.05,100,37,0.98,RU,1706631744
329,yaren,-0.5472,166.916,28.87,76,89,8.11,NR,1706631486
330,nuuk,64.1835,-51.7216,-14.66,56,75,9.26,GL,1706631600
331,langfang,39.5097,116.6947,-2.86,71,0,2.17,CN,1706631744
332,ingeniero guillermo n. juarez,-23.9,-61.85,39.65,24,0,2.06,AR,1706631744
333,solnechnyy,50.7214,136.6319,-26.65,99,90,1.51,RU,1706631745
334,mermoz boabab,14.7065,-17.4758,34.31,32,74,5.14,SN,1706631745
335,yarmouth,41.7057,-70.2286,-0.56,73,100,8.49,US,1706631593
336,labasa,-16.4167,179.3833,27.3,91,99,3.91,FJ,1706631745
337,bella vista,36.4295,-94.2316,12.55,73,0,4.12,US,1706631745
338,ciechocinek,52.8791,18.7951,4.81,89,100,3.45,PL,1706631746
339,marka,1.7159,44.7717,26.61,83,100,8.62,SO,1706631623
340,kapa'a,22.0752,-159.319,21.18,87,100,2.06,US,1706631595
341,goshen,41.5823,-85.8344,2.07,93,100,4.12,US,1706631746
342,cadale,2.7603,46.3222,26.88,75,80,9.53,SO,1706631746
343,coahuayana de hidalgo,18.7,-103.6583,27.75,58,100,0.51,MX,1706631747
344,constantia,44.1833,28.65,-0.62,70,86,6.06,RO,1706631601
345,kasimov,54.9411,41.3953,-1.81,96,100,2.86,RU,1706631747
346,kirakira,-10.4544,161.9205,26.05,88,100,4.39,SB,1706631747
347,ulladulla,-35.35,150.4667,22.09,93,83,2.22,AU,1706631748
348,fayroz koh,34.5195,65.2509,-0.83,82,58,2.77,AF,1706631748
349,wynyard,-41.0,145.7167,13.47,77,24,4.37,AU,1706631585
350,dunay,42.8803,132.3375,-7.38,76,100,1.78,RU,1706631748
351,rawai,7.7797,98.3253,29.06,73,55,9.22,TH,1706631748
352,mission,26.2159,-98.3253,16.79,69,0,1.54,US,1706631748
353,syumsi,57.1111,51.6149,-0.38,89,100,4.97,RU,1706631749
354,adre,13.4667,22.2,26.73,12,0,3.89,TD,1706631533
355,cerda,37.9059,13.8144,13.12,75,0,1.65,IT,1706631749
356,berezovyy,51.6667,135.7,-23.27,93,40,1.6,RU,1706631749
357,gizo,-8.103,156.8419,25.72,92,100,8.5,SB,1706631749
358,utena,55.5,25.6,0.53,88,100,3.37,LT,1706631749
359,las tablas,7.7667,-80.2833,32.32,99,66,8.41,PA,1706631750
360,kabwe,-14.4469,28.4464,22.59,80,15,2.41,ZM,1706631750
361,knyaze-volkonskoye,48.4642,135.4567,-20.81,99,59,2.5,RU,1706631750
362,salinopolis,-0.6136,-47.3561,29.1,64,100,3.98,BR,1706631750
363,pomichna,48.2422,31.4158,0.33,68,20,2.18,UA,1706631750
364,miri,4.4148,114.0089,25.08,100,20,1.54,MY,1706631548
365,shamkhor,40.8297,46.0189,2.2,81,98,1.52,AZ,1706631751
366,douentza,14.9951,-2.9517,31.44,9,9,4.07,ML,1706631751
367,kermanshah,34.3142,47.065,4.5,56,20,0.0,IR,1706631751
368,kismayo,-0.3582,42.5454,27.23,82,80,6.06,SO,1706631751
369,kudamatsu,34.0,131.8667,5.98,63,99,1.89,JP,1706631751
370,college,64.8569,-147.8028,-28.03,67,75,0.0,US,1706631751
371,portland,45.5234,-122.6762,12.34,86,100,3.13,US,1706631370
372,mogok,22.9167,96.5,11.93,68,100,0.89,MM,1706631752
373,viana,-20.3903,-40.4961,31.87,70,98,2.04,BR,1706631752
374,vadso,70.0744,29.7487,1.09,80,75,8.75,NO,1706631752
375,huilong,31.8111,121.655,8.51,98,100,2.29,CN,1706631752
376,saipan,15.1355,145.701,25.39,65,75,7.72,MP,1706631752
377,aitape,-3.1374,142.3475,25.7,91,92,2.13,PG,1706631752
378,mwingi,-0.9344,38.0601,24.24,61,88,3.31,KE,1706631753
379,sao joao da barra,-21.6403,-41.0511,35.05,79,62,3.78,BR,1706631753
380,pangoa,-12.1167,-73.0,28.47,64,100,1.51,PE,1706631753
381,sabancuy,18.9667,-91.1833,21.93,58,86,2.01,MX,1706631753
382,georgetown,5.4112,100.3354,28.96,71,20,3.6,MY,1706631754
383,port blair,11.6667,92.75,27.02,78,20,1.03,IN,1706631754
384,trikala,39.5553,21.7675,4.97,49,78,0.77,GR,1706631754
385,shalqar,47.8333,59.6,-8.35,94,100,3.39,KZ,1706631554
386,kasama,-10.2129,31.1808,19.33,92,98,1.9,ZM,1706631754
387,saryozek,44.3583,77.9753,-7.71,95,100,1.42,KZ,1706631755
388,otjimbingwe,-22.35,16.1333,34.74,22,41,1.67,NA,1706631755
389,syktyvkar,61.6764,50.8099,-0.05,86,40,4.02,RU,1706631755
390,alesund,62.4723,6.1549,5.08,58,0,5.14,NO,1706631755
391,nur-sultan,51.1801,71.446,-21.03,84,40,2.0,KZ,1706631755
392,st. john's,47.5649,-52.7093,-4.92,81,100,10.29,CA,1706631512
393,cafayate,-26.073,-65.9761,27.42,42,1,2.37,AR,1706631756
394,forster,-32.1667,152.5167,19.05,100,0,2.43,AU,1706631756
395,bisbee,31.4482,-109.9284,13.85,41,100,1.34,US,1706631756
396,crane,31.3974,-102.3501,12.64,47,4,2.78,US,1706631756
397,borogontsy,62.6683,131.1683,-35.17,97,100,0.74,RU,1706631756
398,les cayes,18.2,-73.75,28.2,61,24,3.31,HT,1706631757
399,sao geraldo do araguaia,-6.4006,-48.555,30.88,65,86,1.29,BR,1706631757
400,douglas,41.3,-96.167,4.86,80,0,4.12,US,1706631757
401,maasim,5.8575,125.0061,26.78,76,100,5.24,PH,1706631757
402,birzebbuga,35.8258,14.5269,13.97,54,20,4.12,MT,1706631757
403,kampene,-3.6,26.6667,23.07,90,80,0.71,CD,1706631757
404,hajjah,15.6943,43.6058,17.1,88,100,2.3,YE,1706631758
405,hithadhoo,-0.6,73.0833,27.89,77,53,3.51,MV,1706631758
406,nabire,-3.3667,135.4833,25.16,91,90,1.01,ID,1706631758
407,karratha,-20.7377,116.8463,26.86,74,6,5.63,AU,1706631758
408,am timan,11.0297,20.2827,33.03,11,0,2.39,TD,1706631759
409,port douglas,-16.4833,145.4667,27.97,85,96,2.7,AU,1706631555
410,primero de mayo,-32.2552,-58.4228,33.08,26,2,2.82,AR,1706631759
411,tazovsky,67.4667,78.7,-19.11,94,82,7.89,RU,1706631366
412,dryden,49.7833,-92.7503,-1.84,93,100,4.12,CA,1706631617
413,barcelos,41.5388,-8.6151,19.4,66,99,1.06,PT,1706631780
414,chongwe,-15.3292,28.682,21.66,89,72,2.25,ZM,1706631781
415,labuan,5.2767,115.2417,27.2,89,20,3.09,MY,1706631781
416,peschanokopskoye,46.1961,41.0775,-3.6,92,53,1.49,RU,1706631781
417,port-gentil,-0.7193,8.7815,29.98,79,40,2.57,GA,1706631781
418,ambon,-3.6954,128.1814,26.08,89,40,2.06,ID,1706631781
419,oriximina,-1.7656,-55.8661,30.99,63,71,2.4,BR,1706631781
420,tibu,8.639,-72.7358,33.6,44,49,1.22,CO,1706631781
421,nouadhibou,20.931,-17.0347,29.99,15,0,3.6,MR,1706631782
422,oruro,-17.9833,-67.15,15.27,51,40,4.12,BO,1706631782
423,arraial do cabo,-22.9661,-42.0278,31.98,74,0,5.14,BR,1706631783
424,pekan,3.4836,103.3996,25.06,86,95,3.87,MY,1706631783
425,pariaman,-0.619,100.12,27.03,83,99,1.39,ID,1706631783
426,cape town,-33.9258,18.4232,24.59,61,0,8.75,ZA,1706631514
427,ubari,26.5921,12.7805,14.31,31,3,5.03,LY,1706631783
428,noumea,-22.2763,166.4572,22.99,78,71,3.29,NC,1706631784
429,el alto,-4.2714,-81.2147,28.81,70,96,4.77,PE,1706631784
430,achacachi,-16.05,-68.6833,12.93,62,99,2.25,BO,1706631784
431,minas de marcona,-15.2119,-75.1103,23.39,61,97,6.49,PE,1706631784
432,beaufort west,-32.3567,22.583,31.58,16,100,3.69,ZA,1706631784
433,kimbe,-5.5502,150.1429,25.29,89,100,0.31,PG,1706631785
434,tromso,69.6496,18.957,4.01,81,75,14.92,NO,1706631785
435,bereeda,11.8704,51.0579,25.13,71,13,4.88,SO,1706631785
436,katsuura,35.1333,140.3,10.75,65,82,2.0,JP,1706631572
437,berbera,10.4396,45.0143,26.06,78,32,3.78,SO,1706631785
438,ataq,14.5377,46.8319,21.07,68,47,6.07,YE,1706631786
439,tezu,27.9167,96.1667,13.94,61,70,1.84,IN,1706631786
440,shiqiao,22.9374,113.3606,18.84,83,34,0.86,CN,1706631786
441,quepos,9.4236,-84.1652,30.69,50,71,2.23,CR,1706631786
442,el ejido,36.7763,-2.8146,17.64,73,10,5.05,ES,1706631786
443,acarau,-2.8856,-40.12,32.39,52,29,7.7,BR,1706631786
444,stanovoye,52.7638,38.3582,-2.89,93,100,3.63,RU,1706631567
445,bikenibeu village,1.3673,173.1241,27.98,78,75,3.09,KI,1706631787
446,komarichi,52.4151,34.7905,-3.79,95,93,3.17,RU,1706631787
447,kayangel,8.0823,134.7173,27.08,82,68,10.02,PW,1706631787
448,ugoofaaru,5.6667,73.0,27.82,73,27,5.03,MV,1706631787
449,metkovic,43.0542,17.6483,11.26,60,0,0.49,HR,1706631788
450,tarawa,1.419,172.984,28.05,78,75,3.09,KI,1706631788
451,upington,-28.4478,21.2561,33.21,12,75,3.6,ZA,1706631631
452,kyzyl-mazhalyk,51.1333,90.6,-23.94,99,63,1.79,RU,1706631788
453,al burayqah,30.4062,19.5739,13.87,64,7,9.05,LY,1706631789
454,elhovo,42.1667,26.5667,3.23,78,87,7.7,BG,1706631789
455,cinisi,38.1562,13.1073,12.56,58,20,6.17,IT,1706631789
456,mortara,45.2473,8.7355,10.03,88,98,0.62,IT,1706631789
457,alaghsas,17.0187,8.0168,26.78,12,57,8.4,NE,1706631789
458,robore,-18.3333,-59.75,35.05,49,20,7.72,BO,1706631790
459,kstovo,56.1473,44.1979,-1.34,92,80,4.58,RU,1706631790
460,vung tau,10.346,107.0843,24.94,83,59,8.89,VN,1706631790
461,kruisfontein,-34.0033,24.7314,24.38,71,100,5.91,ZA,1706631733
462,leh,34.1667,77.5833,-3.99,50,100,3.45,IN,1706631790
463,glen innes,-29.7333,151.7333,16.14,96,73,2.76,AU,1706631791
464,salahonda,2.1019,-78.7217,27.49,80,99,2.7,CO,1706631791
465,altay,47.8667,88.1167,-13.94,70,86,2.01,CN,1706631791
466,peace river,56.2501,-117.286,6.48,87,75,7.2,CA,1706631685
467,severoural'sk,60.1533,59.952,-7.79,88,100,2.08,RU,1706631791
468,soio,-6.1349,12.3689,27.76,82,100,2.09,AO,1706631792
469,chicoana,-25.1009,-65.5331,29.47,44,0,0.92,AR,1706631792
470,castanos,26.7833,-101.4167,16.3,44,0,0.0,MX,1706631792
471,quellon,-43.1167,-73.6167,17.95,59,2,3.92,CL,1706631792
472,ed damer,17.5928,33.9592,23.39,12,63,5.12,SD,1706631792
473,simpang,-1.2667,104.0833,24.7,91,100,1.05,ID,1706631793
474,puruliya,23.3333,86.3667,20.59,35,98,1.12,IN,1706631793
475,dapa,9.7594,126.0531,26.13,85,99,5.29,PH,1706631793
476,chibougamau,49.9168,-74.3659,-10.21,85,100,5.66,CA,1706631793
477,bukoba,-1.3317,31.8122,22.2,75,68,3.18,TZ,1706631793
478,ayaviri,-14.8864,-70.5889,12.49,62,94,1.51,PE,1706631794
479,mokhsogollokh,61.4681,128.9203,-32.65,96,79,1.78,RU,1706631794
480,nguigmi,14.2495,13.1092,27.41,18,79,6.69,NE,1706631794
481,tomball,30.0972,-95.6161,17.33,52,0,2.57,US,1706631794
482,kavieng,-2.5744,150.7967,28.41,78,100,5.09,PG,1706631794
483,meiktila,20.8667,95.8667,19.38,34,41,1.06,MM,1706631795
484,arrifes,37.7667,-25.7,17.18,77,75,6.69,PT,1706631795
485,kyaikkami,16.08,97.5675,23.6,85,0,2.2,MM,1706631795
486,wanganui,-39.9333,175.05,16.51,80,63,2.59,NZ,1706631795
487,usogorsk,63.4106,48.6872,0.37,93,95,5.62,RU,1706631795
488,gorontalo,0.5412,123.0595,24.56,94,48,1.67,ID,1706631796
489,bontang,0.1333,117.5,26.98,83,70,4.66,ID,1706631796
490,jiangyin,31.9282,120.3126,8.88,93,100,1.96,CN,1706631796
491,porbandar,21.6422,69.6093,20.99,73,15,2.57,IN,1706631796
492,port-vila,-17.7338,168.3219,22.78,94,75,1.03,VU,1706631796
493,shurugwi,-19.6702,30.0059,23.32,44,16,4.88,ZW,1706631797
494,zhuanghe,39.7008,122.9911,-1.86,95,100,1.99,CN,1706631797
495,quelimane,-17.8786,36.8883,29.97,62,20,2.06,MZ,1706631797
496,bodo,67.28,14.405,7.02,66,75,13.89,NO,1706631797
497,galliano,29.4422,-90.2992,16.67,55,98,1.32,US,1706631798
498,moscow,55.7522,37.6156,1.29,98,100,1.61,RU,1706631770
499,makokou,0.5738,12.8642,34.76,29,99,1.12,GA,1706631798
500,pekanbaru,0.5333,101.45,26.18,94,100,2.06,ID,1706631798
501,oyem,1.5995,11.5793,33.4,28,93,0.96,GA,1706631568
502,taulaga,-11.0553,-171.0883,29.49,75,94,2.55,AS,1706631590
503,yerofey pavlovich,53.9667,121.9667,-26.65,95,100,1.1,RU,1706631798
504,brasileia,-11.0161,-68.7481,29.25,84,75,2.57,BR,1706631799
505,bumba,2.1833,22.4667,32.06,35,100,1.15,CD,1706631799
506,vilhena,-12.7406,-60.1458,30.12,62,40,4.12,BR,1706631569
507,challapata,-18.9,-66.7667,15.72,43,77,1.36,BO,1706631799
508,belyy yar,53.6039,91.3903,-26.06,84,87,0.0,RU,1706631580
509,tekirdag,40.978,27.5085,2.64,85,88,9.53,TR,1706631800
510,mogilno,52.6581,17.9558,5.11,73,99,1.79,PL,1706631800
511,darwin,-12.4611,130.8418,25.99,92,75,2.57,AU,1706631425
512,paoua,7.2427,16.4406,34.31,11,30,2.32,CF,1706631800
513,necochea,-38.5473,-58.7368,29.48,51,6,7.87,AR,1706631800
514,aur,8.1499,171.1687,26.59,87,100,10.2,MH,1706631800
515,yanchep,-31.55,115.6833,24.41,67,0,4.04,AU,1706631801
516,jingdezhen,29.2947,117.2079,12.24,96,100,0.4,CN,1706631801
517,san jose,37.3394,-121.895,14.69,75,75,2.57,US,1706631160
518,stephenville,32.2207,-98.2023,18.2,38,0,3.6,US,1706631626
519,sinamar,16.9,121.5667,19.29,91,42,1.02,PH,1706631801
520,daru,-9.0763,143.2092,26.58,87,100,2.41,PG,1706631801
521,piti village,13.4626,144.6933,26.28,79,100,8.75,GU,1706631802
522,dunedin,-45.8742,170.5036,12.67,88,15,1.34,NZ,1706631728
523,pangody,65.85,74.4859,-19.56,94,19,7.84,RU,1706631598
524,mirnyy,62.5353,113.9611,-32.65,74,71,0.89,RU,1706631802
525,broken hill,-31.95,141.4333,21.99,35,0,9.71,AU,1706631802
526,isla del bosque,22.7333,-105.85,24.97,50,69,0.68,MX,1706631802
527,kristiansund,63.1115,7.732,2.36,55,0,0.51,NO,1706631803
528,nastola,60.95,25.9333,-2.87,96,99,1.36,FI,1706631803
529,alta,69.9689,23.2717,3.59,75,40,2.06,NO,1706631803
530,sola,-13.8833,167.55,26.21,84,91,1.56,VU,1706631803
531,jiuquan,39.7432,98.5174,-5.05,41,89,2.94,CN,1706631804
532,poso,-1.3959,120.7524,26.03,80,84,1.32,ID,1706631804
533,nellore,14.4333,79.9667,21.76,75,24,2.46,IN,1706631804
534,broome,42.2506,-75.833,-0.62,91,100,3.6,US,1706631804
535,bodaybo,57.8506,114.1933,-39.81,100,56,0.74,RU,1706631804
536,morondava,-20.2833,44.2833,27.83,76,36,3.07,MG,1706631805
537,island harbour,50.724,-1.2758,8.85,79,100,1.34,GB,1706631805
538,novosergiyevka,52.0934,53.6528,-4.28,97,100,2.75,RU,1706631805
539,brokopondo,4.75,-55.1667,30.3,60,49,2.09,SR,1706631805
540,kalmunai,7.4167,81.8167,25.82,85,24,2.02,LK,1706631805
541,izluchinsk,60.9794,76.9242,-21.66,99,27,3.9,RU,1706631805
542,karasburg,-28.0167,18.75,33.48,15,93,4.28,NA,1706631806
543,farmington,36.7281,-108.2187,9.0,86,0,5.14,US,1706631806
544,kenai,60.5544,-151.2583,-18.25,78,100,3.6,US,1706631806
545,el aouinet,35.8669,7.8867,15.13,45,14,2.57,DZ,1706631806
546,basoko,1.2391,23.616,33.44,34,77,0.76,CD,1706631806
547,nantucket,41.2835,-70.0995,-0.56,69,100,8.75,US,1706631583
548,ta`u,-14.2336,-169.5144,28.46,79,97,3.07,AS,1706631596
549,harstad,68.799,16.5293,4.79,82,100,19.22,NO,1706631807
550,ola,59.5833,151.2833,-25.95,86,54,3.57,RU,1706631807
551,heihe,50.2441,127.4902,-30.34,100,88,1.37,CN,1706631807
552,khovd,48.0056,91.6419,-21.17,93,12,0.41,MN,1706631808
553,shuangjiang,26.1547,109.7138,9.42,99,100,0.53,CN,1706631808
554,santa ana de yacuma,-13.75,-65.4333,27.97,83,100,1.54,BO,1706631808
555,east ballina,-28.8667,153.5833,22.11,82,100,2.99,AU,1706631808
556,oppdal,62.5943,9.6912,-8.67,57,84,3.86,NO,1706631808
557,kununurra,-15.7667,128.7333,24.99,88,40,2.06,AU,1706631808
